id, name, type_id, created_at, updated_at
1,AC,1, 2019-07-15 15:01:16, 2019-07-15 15:01:16
2,Acura,1, 2019-07-15 15:01:16, 2019-07-15 15:01:16
3,Alfa Romeo,1, 2019-07-15 15:01:16, 2019-07-15 15:01:16
4,Alpine,1, 2019-07-15 15:01:16, 2019-07-15 15:01:16
6,Ariel,1, 2019-07-15 15:01:16, 2019-07-15 15:01:16
7,Aro,1, 2019-07-15 15:01:16, 2019-07-15 15:01:16
8,Asia,1, 2019-07-15 15:01:16, 2019-07-15 15:01:16
9,Aston Martin,1, 2019-07-15 15:01:16, 2019-07-15 15:01:16
10,Audi,1, 2019-07-15 15:01:16, 2019-07-15 15:01:16
11,Austin,1, 2019-07-15 15:01:16, 2019-07-15 15:01:16
14,Beijing,1, 2019-07-15 15:01:16, 2019-07-15 15:01:16
15,Bentley,1, 2019-07-15 15:01:16, 2019-07-15 15:01:16
18,BMW,1, 2019-07-15 15:01:16, 2019-07-15 15:01:16
21,Brilliance,1, 2019-07-15 15:01:16, 2019-07-15 15:01:16
22,Bristol,1, 2019-07-15 15:01:16, 2019-07-15 15:01:16
24,Bugatti,1, 2019-07-15 15:01:16, 2019-07-15 15:01:16
25,Buick,1, 2019-07-15 15:01:16, 2019-07-15 15:01:16
26,BYD,1, 2019-07-15 15:01:16, 2019-07-15 15:01:16
28,Cadillac,1, 2019-07-15 15:01:16, 2019-07-15 15:01:16
29,Callaway,1, 2019-07-15 15:01:16, 2019-07-15 15:01:16
30,Carbodies,1, 2019-07-15 15:01:16, 2019-07-15 15:01:16
31,Caterham,1, 2019-07-15 15:01:16, 2019-07-15 15:01:16
32,Changan,1, 2019-07-15 15:01:16, 2019-07-15 15:01:16
33,ChangFeng,1, 2019-07-15 15:01:16, 2019-07-15 15:01:16
34,Chery,1, 2019-07-15 15:01:16, 2019-07-15 15:01:16
35,Chevrolet,1, 2019-07-15 15:01:16, 2019-07-15 15:01:16
36,Chrysler,1, 2019-07-15 15:01:16, 2019-07-15 15:01:16
37,Citroen,1, 2019-07-15 15:01:16, 2019-07-15 15:01:16
38,Cizeta,1, 2019-07-15 15:01:16, 2019-07-15 15:01:16
39,Coggiola,1, 2019-07-15 15:01:16, 2019-07-15 15:01:16
40,Dacia,1, 2019-07-15 15:01:16, 2019-07-15 15:01:16
41,Dadi,1, 2019-07-15 15:01:16, 2019-07-15 15:01:16
42,Daewoo,1, 2019-07-15 15:01:16, 2019-07-15 15:01:16
44,Daihatsu,1, 2019-07-15 15:01:16, 2019-07-15 15:01:16
45,Daimler,1, 2019-07-15 15:01:16, 2019-07-15 15:01:16
46,Dallas,1, 2019-07-15 15:01:16, 2019-07-15 15:01:16
47,Datsun,1, 2019-07-15 15:01:16, 2019-07-15 15:01:16
48,De Tomaso,1, 2019-07-15 15:01:16, 2019-07-15 15:01:16
49,DeLorean,1, 2019-07-15 15:01:16, 2019-07-15 15:01:16
50,Derways,1, 2019-07-15 15:01:16, 2019-07-15 15:01:16
51,Dodge,1, 2019-07-15 15:01:16, 2019-07-15 15:01:16
52,DongFeng,1, 2019-07-15 15:01:16, 2019-07-15 15:01:16
53,Doninvest,1, 2019-07-15 15:01:16, 2019-07-15 15:01:16
56,Eagle,1, 2019-07-15 15:01:16, 2019-07-15 15:01:16
59,FAW,1, 2019-07-15 15:01:16, 2019-07-15 15:01:16
60,Ferrari,1, 2019-07-15 15:01:16, 2019-07-15 15:01:16
61,Fiat,1, 2019-07-15 15:01:16, 2019-07-15 15:01:16
62,Fisker,1, 2019-07-15 15:01:16, 2019-07-15 15:01:16
63,Ford,1, 2019-07-15 15:01:16, 2019-07-15 15:01:16
64,Foton,1, 2019-07-15 15:01:16, 2019-07-15 15:01:16
65,FSO,1, 2019-07-15 15:01:16, 2019-07-15 15:01:16
66,Fuqi,1, 2019-07-15 15:01:16, 2019-07-15 15:01:16
67,Geely,1, 2019-07-15 15:01:16, 2019-07-15 15:01:16
68,Geo,1, 2019-07-15 15:01:16, 2019-07-15 15:01:16
69,GMC,1, 2019-07-15 15:01:16, 2019-07-15 15:01:16
71,Great Wall,1, 2019-07-15 15:01:16, 2019-07-15 15:01:16
72,Hafei,1, 2019-07-15 15:01:16, 2019-07-15 15:01:16
73,Haima,1, 2019-07-15 15:01:16, 2019-07-15 15:01:16
74,Hindustan,1, 2019-07-15 15:01:16, 2019-07-15 15:01:16
75,Holden,1, 2019-07-15 15:01:16, 2019-07-15 15:01:16
76,Honda,1, 2019-07-15 15:01:16, 2019-07-15 15:01:16
77,HuangHai,1, 2019-07-15 15:01:16, 2019-07-15 15:01:16
78,Hummer,1, 2019-07-15 15:01:16, 2019-07-15 15:01:16
79,Hyundai,1, 2019-07-15 15:01:16, 2019-07-15 15:01:16
80,Infiniti,1, 2019-07-15 15:01:16, 2019-07-15 15:01:16
81,Innocenti,1, 2019-07-15 15:01:16, 2019-07-15 15:01:16
82,Invicta,1, 2019-07-15 15:01:16, 2019-07-15 15:01:16
83,Iran Khodro,1, 2019-07-15 15:01:16, 2019-07-15 15:01:16
84,Isdera,1, 2019-07-15 15:01:16, 2019-07-15 15:01:16
85,Isuzu,1, 2019-07-15 15:01:16, 2019-07-15 15:01:16
87,JAC,1, 2019-07-15 15:01:16, 2019-07-15 15:01:16
88,Jaguar,1, 2019-07-15 15:01:16, 2019-07-15 15:01:16
89,Jeep,1, 2019-07-15 15:01:16, 2019-07-15 15:01:16
91,JMC,1, 2019-07-15 15:01:16, 2019-07-15 15:01:16
92,Kia,1, 2019-07-15 15:01:16, 2019-07-15 15:01:16
93,Koenigsegg,1, 2019-07-15 15:01:16, 2019-07-15 15:01:16
95,Lamborghini,1, 2019-07-15 15:01:16, 2019-07-15 15:01:16
96,Lancia,1, 2019-07-15 15:01:16, 2019-07-15 15:01:16
97,Land Rover,1, 2019-07-15 15:01:16, 2019-07-15 15:01:16
98,Landwind,1, 2019-07-15 15:01:16, 2019-07-15 15:01:16
99,Lexus,1, 2019-07-15 15:01:16, 2019-07-15 15:01:16
101,Lifan,1, 2019-07-15 15:01:16, 2019-07-15 15:01:16
102,Lincoln,1, 2019-07-15 15:01:16, 2019-07-15 15:01:16
103,Lotus,1, 2019-07-15 15:01:16, 2019-07-15 15:01:16
104,LTI,1, 2019-07-15 15:01:16, 2019-07-15 15:01:16
105,Luxgen,1, 2019-07-15 15:01:16, 2019-07-15 15:01:16
106,Mahindra,1, 2019-07-15 15:01:16, 2019-07-15 15:01:16
107,Marcos,1, 2019-07-15 15:01:16, 2019-07-15 15:01:16
108,Marlin,1, 2019-07-15 15:01:16, 2019-07-15 15:01:16
109,Marussia,1, 2019-07-15 15:01:16, 2019-07-15 15:01:16
110,Maruti,1, 2019-07-15 15:01:16, 2019-07-15 15:01:16
111,Maserati,1, 2019-07-15 15:01:16, 2019-07-15 15:01:16
112,Maybach,1, 2019-07-15 15:01:16, 2019-07-15 15:01:16
113,Mazda,1, 2019-07-15 15:01:16, 2019-07-15 15:01:16
114,McLaren,1, 2019-07-15 15:01:16, 2019-07-15 15:01:16
115,Mega,1, 2019-07-15 15:01:16, 2019-07-15 15:01:16
116,Mercedes-Benz,1, 2019-07-15 15:01:16, 2019-07-15 15:01:16
117,Mercury,1, 2019-07-15 15:01:16, 2019-07-15 15:01:16
118,Metrocab,1, 2019-07-15 15:01:16, 2019-07-15 15:01:16
119,MG,1, 2019-07-15 15:01:16, 2019-07-15 15:01:16
121,Minelli,1, 2019-07-15 15:01:16, 2019-07-15 15:01:16
122,Mini,1, 2019-07-15 15:01:16, 2019-07-15 15:01:16
123,Mitsubishi,1, 2019-07-15 15:01:16, 2019-07-15 15:01:16
124,Mitsuoka,1, 2019-07-15 15:01:16, 2019-07-15 15:01:16
125,Morgan,1, 2019-07-15 15:01:16, 2019-07-15 15:01:16
127,Nissan,1, 2019-07-15 15:01:16, 2019-07-15 15:01:16
128,Noble,1, 2019-07-15 15:01:16, 2019-07-15 15:01:16
129,Oldsmobile,1, 2019-07-15 15:01:16, 2019-07-15 15:01:16
130,Opel,1, 2019-07-15 15:01:16, 2019-07-15 15:01:16
131,Osca,1, 2019-07-15 15:01:16, 2019-07-15 15:01:16
132,Pagani,1, 2019-07-15 15:01:16, 2019-07-15 15:01:16
133,Panoz,1, 2019-07-15 15:01:16, 2019-07-15 15:01:16
134,Perodua,1, 2019-07-15 15:01:16, 2019-07-15 15:01:16
135,Peugeot,1, 2019-07-15 15:01:16, 2019-07-15 15:01:16
137,Plymouth,1, 2019-07-15 15:01:16, 2019-07-15 15:01:16
138,Pontiac,1, 2019-07-15 15:01:16, 2019-07-15 15:01:16
139,Porsche,1, 2019-07-15 15:01:16, 2019-07-15 15:01:16
140,Premier,1, 2019-07-15 15:01:16, 2019-07-15 15:01:16
141,Proton,1, 2019-07-15 15:01:16, 2019-07-15 15:01:16
143,Puma,1, 2019-07-15 15:01:16, 2019-07-15 15:01:16
144,Qoros,1, 2019-07-15 15:01:16, 2019-07-15 15:01:16
145,Qvale,1, 2019-07-15 15:01:16, 2019-07-15 15:01:16
146,Reliant,1, 2019-07-15 15:01:16, 2019-07-15 15:01:16
147,Renault,1, 2019-07-15 15:01:16, 2019-07-15 15:01:16
148,Samsung,1, 2019-07-15 15:01:16, 2019-07-15 15:01:16
149,Rolls-Royce,1, 2019-07-15 15:01:16, 2019-07-15 15:01:16
150,Ronart,1, 2019-07-15 15:01:16, 2019-07-15 15:01:16
151,Rover,1, 2019-07-15 15:01:16, 2019-07-15 15:01:16
152,Saab,1, 2019-07-15 15:01:16, 2019-07-15 15:01:16
153,Saleen,1, 2019-07-15 15:01:16, 2019-07-15 15:01:16
154,Santana,1, 2019-07-15 15:01:16, 2019-07-15 15:01:16
155,Saturn,1, 2019-07-15 15:01:16, 2019-07-15 15:01:16
156,Scion,1, 2019-07-15 15:01:16, 2019-07-15 15:01:16
157,SEAT,1, 2019-07-15 15:01:16, 2019-07-15 15:01:16
158,ShuangHuan,1, 2019-07-15 15:01:16, 2019-07-15 15:01:16
159,Skoda,1, 2019-07-15 15:01:16, 2019-07-15 15:01:16
160,Smart,1, 2019-07-15 15:01:16, 2019-07-15 15:01:16
161,Soueast,1, 2019-07-15 15:01:16, 2019-07-15 15:01:16
162,Spectre,1, 2019-07-15 15:01:16, 2019-07-15 15:01:16
163,Spyker,1, 2019-07-15 15:01:16, 2019-07-15 15:01:16
165,SsangYong,1, 2019-07-15 15:01:16, 2019-07-15 15:01:16
166,Subaru,1, 2019-07-15 15:01:16, 2019-07-15 15:01:16
167,Suzuki,1, 2019-07-15 15:01:16, 2019-07-15 15:01:16
168,Talbot,1, 2019-07-15 15:01:16, 2019-07-15 15:01:16
169,Tata,1, 2019-07-15 15:01:16, 2019-07-15 15:01:16
170,Tatra,1, 2019-07-15 15:01:16, 2019-07-15 15:01:16
172,Tesla,1, 2019-07-15 15:01:16, 2019-07-15 15:01:16
173,Tianma,1, 2019-07-15 15:01:16, 2019-07-15 15:01:16
174,Tianye,1, 2019-07-15 15:01:16, 2019-07-15 15:01:16
175,Tofas,1, 2019-07-15 15:01:16, 2019-07-15 15:01:16
176,Toyota,1, 2019-07-15 15:01:16, 2019-07-15 15:01:16
177,Trabant,1, 2019-07-15 15:01:16, 2019-07-15 15:01:16
180,TVR,1, 2019-07-15 15:01:16, 2019-07-15 15:01:16
181,Vauxhall,1, 2019-07-15 15:01:16, 2019-07-15 15:01:16
182,Vector,1, 2019-07-15 15:01:16, 2019-07-15 15:01:16
183,Venturi,1, 2019-07-15 15:01:16, 2019-07-15 15:01:16
184,Volkswagen,1, 2019-07-15 15:01:16, 2019-07-15 15:01:16
185,Volvo,1, 2019-07-15 15:01:16, 2019-07-15 15:01:16
186,Vortex,1, 2019-07-15 15:01:16, 2019-07-15 15:01:16
187,Wartburg,1, 2019-07-15 15:01:16, 2019-07-15 15:01:16
188,Westfield,1, 2019-07-15 15:01:16, 2019-07-15 15:01:16
189,Wiesmann,1, 2019-07-15 15:01:16, 2019-07-15 15:01:16
190,Xin Kai,1, 2019-07-15 15:01:16, 2019-07-15 15:01:16
191,Zastava,1, 2019-07-15 15:01:16, 2019-07-15 15:01:16
192,Zotye,1, 2019-07-15 15:01:16, 2019-07-15 15:01:16
193,ZX,1, 2019-07-15 15:01:16, 2019-07-15 15:01:16
215,VAZ (Lada),1, 2019-07-15 15:01:16, 2019-07-15 15:01:16
216,GAZ,1, 2019-07-15 15:01:16, 2019-07-15 15:01:16
217,ZAZ,1, 2019-07-15 15:01:16, 2019-07-15 15:01:16
218,ZIL,1, 2019-07-15 15:01:16, 2019-07-15 15:01:16
219,IZH,1, 2019-07-15 15:01:16, 2019-07-15 15:01:16
222,LuAZ,1, 2019-07-15 15:01:16, 2019-07-15 15:01:16
223,Moskvich,1, 2019-07-15 15:01:16, 2019-07-15 15:01:16
224,SMZ,1, 2019-07-15 15:01:16, 2019-07-15 15:01:16
226,TagAZ,1, 2019-07-15 15:01:16, 2019-07-15 15:01:16
227,UAZ,1, 2019-07-15 15:01:16, 2019-07-15 15:01:16
282,Hawtai,1, 2019-07-15 15:01:16, 2019-07-15 15:01:16
284,Renaissance Cars,1, 2019-07-15 15:01:16, 2019-07-15 15:01:16
286,Paykan,1, 2019-07-15 15:01:16, 2019-07-15 15:01:16
290,Haval,1, 2019-07-15 15:01:16, 2019-07-15 15:01:16
291,Alpina,1, 2019-07-15 15:01:16, 2019-07-15 15:01:16
3589,DS,1, 2019-07-15 15:01:16, 2019-07-15 15:01:16
3620,Rimac,1, 2019-07-15 15:01:16, 2019-07-15 15:01:16
3664,Adler,1, 2019-07-15 15:01:16, 2019-07-15 15:01:16
3666,Packard,1, 2019-07-15 15:01:16, 2019-07-15 15:01:16
3667,Willys,1, 2019-07-15 15:01:16, 2019-07-15 15:01:16
3668,Combat,1, 2019-07-15 15:01:16, 2019-07-15 15:01:16
3676,Borgward,1, 2019-07-15 15:01:16, 2019-07-15 15:01:16
3689,Ravon,1, 2019-07-15 15:01:16, 2019-07-15 15:01:16
3705,AMC,1, 2019-07-15 15:01:16, 2019-07-15 15:01:16
3749,Austin Healey,1, 2019-07-15 15:01:16, 2019-07-15 15:01:16
3753,Changhe,1, 2019-07-15 15:01:16, 2019-07-15 15:01:16
3754,DFSK,1, 2019-07-15 15:01:16, 2019-07-15 15:01:16
3755,Efini,1, 2019-07-15 15:01:16, 2019-07-15 15:01:16
3756,Excalibur,1, 2019-07-15 15:01:16, 2019-07-15 15:01:16
3757,Groz,1, 2019-07-15 15:01:16, 2019-07-15 15:01:16
3760,Hurtan,1, 2019-07-15 15:01:16, 2019-07-15 15:01:16
3761,Jiangnan,1, 2019-07-15 15:01:16, 2019-07-15 15:01:16
3762,Jinbei,1, 2019-07-15 15:01:16, 2019-07-15 15:01:16
3765,Monte Carlo,1, 2019-07-15 15:01:16, 2019-07-15 15:01:16
3767,Nysa,1, 2019-07-15 15:01:16, 2019-07-15 15:01:16
3771,Shifeng,1, 2019-07-15 15:01:16, 2019-07-15 15:01:16
3772,SMA,1, 2019-07-15 15:01:16, 2019-07-15 15:01:16
3774,Wuling,1, 2019-07-15 15:01:16, 2019-07-15 15:01:16
3815,Genesis,1, 2019-07-15 15:01:16, 2019-07-15 15:01:16
3821,Zibar,1, 2019-07-15 15:01:16, 2019-07-15 15:01:16
3822,Other car,1, 2019-07-15 15:01:16, 2019-07-15 15:01:16
4142,RAM,1, 2019-07-15 15:01:16, 2019-07-15 15:01:16
4144,Aurus,1, 2019-07-15 15:01:16, 2019-07-15 15:01:16
4145,Trumpchi,1, 2019-07-15 15:01:16, 2019-07-15 15:01:16
4146,Abarth,1, 2019-07-15 15:01:16, 2019-07-15 15:01:16
4147,Baic,1, 2019-07-15 15:01:16, 2019-07-15 15:01:16
4148,DFM,1, 2019-07-15 15:01:16, 2019-07-15 15:01:16
4149,Saipa,1, 2019-07-15 15:01:16, 2019-07-15 15:01:16